component,global_mean
capacity_risk,0.25079077276641876
jamming_risk,0.0333615034555392
sla_risk,0.004132231404958678
loss_risk,0.0
handover_risk,0.08582326764144946
stress_index,0.11619077127256411
