{
  "name": "Preset L",
  "ema_span": 4,
  "on_thr": 0.945512068271637,
  "off_thr": 0.765512068271637,
  "k": 7,
  "m": 11,
  "min_dur_s": 90,
  "refractory_s": 240
}