{
  "target_precision": 0.8,
  "tau_val": 0.995512068271637,
  "validation_ap": 0.45960461742431996,
  "early_warning_min": 2
}