{
  "target_precision": 0.85,
  "tau_val": 0.945569634437561,
  "validation_ap": 0.10509562904718159,
  "early_warning_min": 2
}